product_id,lowest_level
862,Kipfilet - blokjes
939,Komkommer (vers)
741,IJsbergsla gesneden
235,Brood en crackers (koolhydraatarm)
1886,Verse roma tomaten
1631,Sojascheuten
882,Kipsate (diepvries)
960,Kroepoek
744,IJskoffie
1797,Trostomaat
641,Groene salade
1516,Satésaus
1803,Tuinerwten (diepvries)
1633,Spaans maaltijdpakket
199,Bolletjes (dagvers)
1982,Wasverzachters - geconcentreerd
438,Droog kattenvoer
1553,Sellerie salade
507,Frisse fruitdrank (flessen)
1884,Verse pasta
1066,Magere yoghurt
1493,Rozijnen (diverse)
1913,Vissalades (beleg)
1291,Pate (versafdeling)
1528,Scharreleieren
976,Kuipje filet americain (versafdeling)
1409,Pudding - groot
1788,Tortilla chips (naturel)
1074,Maiskorrels (conserven)
1498,Rundergehakt
403,Dipsaus in pot
573,Geraspte kaas
1458,Rode paprika
866,Kipkruiden
367,Creme fraiche
40,Afbakbroodjes wit
370,Croissantdeeg
954,Krentenbollen
675,Hagelslag
520,Fruitvla - enkel
1847,Vanille vla
299,Cherry tomaten (vers)
359,Courgette (vers)
375,Dadels (diverse)
620,Grana Padano
541,Gehakt (kip)
1584,Skyr - Ijslandse yoghurt
945,Kookroom
234,Broccoli (vers)
1299,Penne
1970,Vruchtenyoghurt (groot)
1928,Vleesbouillon (blokjes)
1922,Vlaai
1218,Olijfolie mild
735,Hummus met smaakje
1614,Snoeptomaatjes
893,Knoflook (vers)
1806,Tuinkruiden bouillon
1447,Rijstwafels
643,Groene thee
39,Afbakbroodjes mix
938,Komkommer (snoepgroente)
1032,Luchtverfrissers - spuitbussen
232,Brioche
195,Boerenkool (diepvries)
1766,Toiletreiniger
785,Jus stamppot
1275,Paprika (snoepgroente)
1436,Reepjes spek (voorverpakt)
1109,Melk (drinkpakjes)
1666,Stamppot aardappelen
1760,Toiletblokken - vast
1474,Rookworst
408,Diverse witte wijn
213,Borrelnoten (groot)
262,Cakes
436,Droge worst - snacks
2015,Witte chocolade met biscuit
2092,Zuivel tussendoortjes
2030,Wokolie
759,Indonesische mix
760,Indonesische sojasaus
864,Kipfilet - stuk
526,Garnalen (vers)
2029,Wokgroente (vers)
303,Chinese chilisaus
1054,Maaltijdrepen
2068,Zilvervlies rijst
1172,Multipack (mint)
1881,Verse mandarijnen
2048,Yoghurtdranken (drinkpakjes)
975,Krulsla
709,Health yoghurt
1874,Verse broodjes
509,Fritessaus
128,Bananen
1204,Noodlesoep
1076,Maiswafels
856,Kipburger (vers)
1285,Pasta (tussendoor)
1787,Tortilla chips (met smaakje)
624,Granenbiscuits
1378,Plantaardige yoghurt naturel
2006,Winterpeen
635,Griekse yoghurt naturel
1862,Veldsla
383,Deoroller vrouwen
885,Kiwi
101,Aubergine (vers)
1726,Tandpasta frisse adem
1278,Paprika mix (vers)
382,Deoroller mannen
186,Blokjes spek (voorverpakt)
540,Gehakt (half-om-half)
1654,Spinazie (diepvries)
27,Aardbeien (vers)
1494,Rozijnen brood
1607,Snelfilterkoffie (regular)
500,Friet
2028,Wokgroente
32,Abrikozenjam
174,Blauwe bessen (vers)
1876,Verse geitenkaas
137,Basmatirijst
1890,Verse snijbonen (heel)
2011,Witte asperges
147,Beschuit
1765,Toiletpapier - vochtig
663,Groentespread
1301,Peper mix
15,Aardappelpartjes (vers)
1728,Tandpasta gevoelige tanden
1166,Muesli- en granenrepen
861,Kipfilet (voorverpakt)
863,Kipfilet - reepjes
1020,Limonade siroop
628,Granola (noten)
889,Knackebrod
1956,Volle melk (houdbaar)
1777,Tonic
37,Afbakbroodjes bruin
983,Kwark met smaak (portieverpakking)
1472,Rookvlees (versafdeling)
1816,Uitdeelzakjes
1888,Verse slagroom
1644,Spekken
1326,Pinda's (zakje)
1612,Snoepmix
913,Koffiekoekjes
1795,Tripel bier
103,Avocado
576,Gerookte kip - stuk
1621,Soeppakketten (vers)
1604,Snelfilterkoffie (krachtig)
1044,Luxe chocolade
267,Cappuccino melk
1878,Verse koeken
402,Dipsaus (vers)
557,Gele uien
176,Bleekmiddel
1313,Peterselie (vers)
282,Champignons (vers)
1063,Magere kwark
1496,Rucola
1344,Pitabroodjes
1470,Rooibosthee
951,Koriander kruiden
1445,Rijst noodles
1497,Runderbiefstuk (vers)
1952,Volkoren brood (dagvers)
1891,Verse soepen
102,Augurken
737,Huttenkase
1691,Stuk ossenworst (versafdeling)
1598,Smeerkaas
1481,Roomkaas light
807,Kappertjes
38,Afbakbroodjes meergranen
0,(Zelfrijzend) bakmeel
1753,Tijm (vers)
957,Krieltjes - geschild
1583,Sjalotten
1736,Taugé
1931,Vleeskruiden
2062,Zelfbakbrood
1484,Rosbief
331,Citroensap
1798,Trostomaat - seizoensgroente
713,Hele prei (vers)
1459,Rode uien
156,Bieslook (vers)
2102,Zwarte olijven
1430,Rauwe ham (versafdeling)
475,Feta
1249,Oude kaas (stuk)
967,Kropsla (per krop)
467,Extra vierge dagelijks
649,Groentebouillon (blokjes)
640,Groene paprika
980,Kurkuma
571,Gepelde tomaten (conserven)
1322,Pilsener - krat
484,Flessen water (koolzuurhoudend)
1927,"Vlees, vis, kip (ovenschotel)"
2044,Yoghurt mayonaise
474,Feeststol
1007,"Lemon, lime dranken (fles)"
2049,Yoghurtdranken (pakken)
145,Belegen kaas (stuk)
1473,Rookvlees (voorverpakt)
972,Kruidenthee meerkops
343,Cola regular flessen
982,Kwark met smaak (groot)
1764,Toiletpapier - 4 & 5 laags
1617,Soepcroutons
1391,Popcorn
1178,Multivruchtensap (vers)
1968,Vruchtenthee
1154,Mosterdsoep in zak
846,"Kinderboeken, tijdschriften"
1396,Prei (vers)
525,Garnalen (diepvries)
2100,Zwarte bonen (conserven)
2094,Zure room
1789,"Tortilla, wrap, burrito"
1079,Malbec (Argentinië)
1343,Pistachenoten (zakje)
1894,Verse witte druiven
1880,Verse limoenen
1768,Tomatenblokjes (conserven)
956,Krieltjes - gekruid
1882,Verse munt
579,Gerookte zalmfilet
193,Boerenkaas (stuk)
1300,Peper (vers)
823,Kerriepoeder
1222,Ontbijtcrackers
1412,Pure chocolade
607,Glutenvrije pasta (houdbaar)
683,Halfvolle melk (vers)
1112,Melk chocolade met noten
1479,Roomkaas (kruiden)
1113,Melk chocolade met smaak
1645,Speklappen
12,Aardappelkroketten (diepvries)
1538,Schnitzel (vegetarisch)
1221,Ongezouten roomboter
307,Chips met een vormpje
255,Cacaopoeder
1089,Margarine
357,Cornflakes
964,Krokante muesli (noten)
2074,Zoete broodjes (glutenvrij)
321,Chocoladesnoepjes
1872,Verse Pizza
1114,"Melk chocolade met vulling, praliné"
1348,Pizza (dunne bodem)
1387,Poffertjes
1544,Schouderham (voorverpakt)
1373,Plakken spek (voorverpakt)
1786,Tortellini
1276,Paprika chips
886,Kleine salades
688,Hamburger (vers)
1733,Tartaar
1483,Roomschepijs
263,Candybars minis
971,Kruidenthee eenkops
184,Bloemkool (vers)
1948,Vlokken
1509,Salami (voorverpakt)
79,Appelmoes (in pot)
83,Appelsap & drank (drinkpakjes)
2035,Worst (rundvlees)
1053,Maaltijdpakketten (vers)
1250,Oven friet
1967,Vruchtenhagel
1189,Naturel chips
2090,Zoutjes-crackers
1761,Toiletblokken - vloeibaar
707,Hazelnootpasta
1156,Mousse - groot
1128,Mexicaans maaltijdpakket
1942,Vloeibaar wasmiddel (kleur)
1972,Vuilnisemmerzakken
385,Deospray vrouwen
1565,Shoarma
53,Alledaagse koeken
836,Kidneybonen (conserven)
1485,Rosti
270,Carpaccio (feestdagen)
1001,Lasagne maaltijden
1046,Luxe desserts (portieverpakking)
320,Chocoladepasta
1908,Vis cuisine (diepvries)
684,Halfvolle yoghurt
959,Kristalsuiker
699,Haricots verts (vers)
64,Amber bier
1253,Ovenklaar varkensvlees
187,Blond bier
122,Bakverbeteraars (glutenvrij)
1755,Tissues
201,Bonbons en pralines
1548,Schuurmiddel
890,Knakworst
561,Gemarineerde tonijn
2071,Zoete bakmix (glutenvrij)
999,Lange vingers
417,"Doosje, blikje pepermunt"
568,Gemengde sla
1507,Salade croutons
1780,Tonijn in olijfolie
2042,Wortelen (vers)
30,Abdijbier
1757,Toast-crackers
1770,Tomatenpuree (conserven)
569,Gepaneerde vis (diepvries)
531,Gebakken uitjes
1050,Maaltijd Kruidenmixen
1287,Pastasaus in pot
495,Frambozen (vers)
578,Gerookte zalm - stukken
435,"Droge worst - salami, fuet"
789,Kaasblokjes
1202,Noedelsoep
797,Kaaszoutjes
542,Gehakt (vegetarisch)
1055,Maaltijdsalade
817,Kattensnacks
1576,Sinas (fles)
1209,Notenmix (bakje)
1887,Verse sinaasappels
144,Belegen kaas (plakken)
2093,Zure gums
138,Batterij
843,Kinder ontbijtgranen
1973,WK en Oranje
1160,Mozzarella
441,Druk- en sluitzakjes
1696,Suikerbrood
1596,Smeerbare halvarine
1953,Volkoren brood (ovenvers)
1655,Spinazie (vers)
1460,Rode wijn (klein)
904,Koekjes met chocolade
1011,Leverworst - vegetarisch
1416,Pure paaseitjes
479,Filet americain (vegetarisch)
1664,Spruiten (vers)
724,Honing
1688,Stuk kookworst (voorverpakt)
1665,Stamppot
218,Bospeen
2010,Witlof
1946,Vloeibare zeep
1683,Stroopwafels
910,Koffiebonen (regular)
196,Boerenkool (vers)
6,Aardappel iets kruimig - met schil
210,Borrelhapjes met vlees
76,Aperitiefhapjes met vlees
1957,Volle melk (vers)
1307,Pepsels
1487,Rosé wijn (klein)
1517,Saucijzenbroodje
1651,Sperziebonen (vers)
1585,Slaatjes
1043,Luxe chips
1709,"Syrah, Shiraz (Zuid Afrika)"
1571,Sinaasappelsap & drank  (ongekoeld)
119,Bakje preparé (versafdeling)
1889,Verse snijbonen (gesneden)
966,Kroket (oven)
626,Granola (fruit)
269,Carmenère (Chili)
1379,"Plantaardige, lactosevrije margarine"
10,Aardappelfriet (vers)
252,Cabernet Sauvignon (Italië)
1266,Pangasius (vers)
49,Alcoholvrij speciaalbier
1462,Roerbakmix (vers)
545,Gehaktballetjes
1150,Mosterd (grof)
1327,Pindakaas
1513,Sangiovese (Italië)
627,Granola (naturel)
1944,Vloeibare margarine
1251,Ovengroente
469,Extra vierge specialiteiten
1883,Verse olijven
127,Balsamico-azijn
1701,"Surinaams, Antilliaans frisdrank"
2008,Wit brood (dagvers)
1536,Schnitzel
33,Achterham (versafdeling)
1586,Sladressing
280,Cervelaat (voorverpakt)
239,Bruin brood (dagvers)
1368,Plakken kookworst (voorverpakt)
776,Jong belegen kaas (plakken)
1774,Tomatensoep in blik
85,Appelsap & drank (ongekoeld)
502,Frikandel (oven)
518,Fruitsalade (mix)
69,Andijvie (vers)
1988,Waterijsjes
1262,Paksoi
1131,Mie
1990,Watermeloen (stukjes)
858,Kipdrumsticks
1885,Verse rode druiven
1581,Siropen (suikerbewust)
865,Kipkluifjes
416,Donuts
1170,Muisjes
24,Aardappelschotel - Hollands
80,Appelmoes (kuipje)
460,Erwtensoep in blik
878,Kippensoep in blik
965,Kroket (frituur)
2013,Witte bonen (conserven)
911,Koffiebroodje
1003,Lasagnebladen (houdbaar)
768,Italiaanse mix
483,Flesjes water (koolzuurvrij)
318,Chocolademelk (pakken)
1361,Plakken boterhamworst (voorverpakt)
778,Jonge kaas (plakken)
407,Diverse smaken chips
508,Frisse fruitdrank (pakken)
1180,Naanbrood en pappadum
1420,Quiches
506,Frisse fruitdrank (drinkpakjes)
2039,Worstenbroodje
166,Bitterballen (oven)
1318,Pijnboompitten
453,Eikenbladsla
1370,Plakken leverworst (voorverpakt)
1916,Vissticks (diepvries)
1588,Slagroom spuitbussen
1107,Meergranen brood (ovenvers)
2051,Yorkham (versafdeling)
2005,Winegums
505,Frisdrank met fruit (fles)
1986,Water met smaak (koolzuurhoudend)
246,Burgers (diepvries)
1620,Soepgroente (vers)
1317,Picalilly saus
1782,Tonijn in water
849,Kinderkoekje
1016,Likkepot van de versafdeling
1848,Vanille yoghurt
1157,Mousse - portieverpakking
1167,Mueslibroodjes
1086,Mango stukjes
1168,Muffin
1476,Roomijs bekertjes
1480,Roomkaas (naturel)
1369,Plakken leverworst (versafdeling)
311,Chocolade broodjes (vers)
389,Desserts (diepvries)
1010,Leverkaas (voorverpakt)
2077,Zoete puntpaprika
881,Kipsalade (beleg)
1292,Pate (voorverpakt)
830,Ketjap
360,Couscous - naturel
2105,Zwarte thee eenkops
1959,Volle yoghurt
1896,Verse zalmfilet
1259,Paaskoeken
2075,Zoete drop (hard)
425,Douchegel alle huidtypes
777,Jong belegen kaas (stuk)
794,Kaassaus
339,Cola light & suikervrije flessen
5,Aardappel (ovenschotel)
1543,Schouderham (versafdeling)
1693,Stukjes kip/rund (vegetarisch)
451,Eiersalades (beleg)
1121,Merlot (Chili)
1134,Mini loempia's
1324,Pinda's (bakje)
2009,Wit brood (ovenvers)
1190,Natuurazijn
2024,Witte rijst
948,Kopsoep
1099,Mayonaise (in pot)
1579,Singaporese maaltijdpakket
302,Chinees maaltijdpakket
758,Indonesische chilisaus
1801,Tuinbonen (conserven)
1727,Tandpasta gevoelig tandvlees
212,Borrelmix (oven)
782,Jus naturel
1656,Spitskool
1823,Vaatwas tabletten
90,Aromat
527,Gatenkaas (plakken)
261,Cakemix
241,Bruine bonen (conserven)
1475,Room handijs
418,Doperwten (conserven)
1974,Wafels
1520,Sauvignon Blanc (Argentinië)
394,Diepvries hapjes
1626,Soesjes (vers)
914,Koffiemelk cupjes
1203,Noodles
1323,Pilsener laag in alcohol
1195,Nespresso compatible (krachtig)
916,Koffiemelk pak
833,Keukenpapier
78,Appelflappen
104,Aziatisch tafelen
1065,Magere melk (vers)
43,Afwasmiddel
1690,Stuk leverworst (voorverpakt)
1227,Ontbijtpap
2096,Zuurkool (naturel)
656,Groentesap & drank (gekoeld)
1771,Tomatensap & drank
784,Jus rundvlees
1306,Pepersaus
152,Bewuste thee
1804,Tuinkers
739,IJsbergsla (krop)
1707,"Syrah, Shiraz (Australië)"
1541,Schoonmaakazijn
1599,"Smeerpastei, smac"
1283,Parmezaanse kaas (stuk)
1865,Verdejo
1714,Taart (vers)
1455,Rode kool (conserven)
289,Chardonnay (Argentinië)
283,Champignonsaus
1442,Rietsuiker
465,Extra belegen kaas (plakken)
1468,Rondeeleieren
1026,Loempia
1512,Sambal
192,Boerenkaas (plakken)
529,Gebakje
1993,Watten & wattenstaafjes
486,Flosdraad
1362,Plakken gebraden gehakt (voorverpakt)
1205,Nootmuskaat - gemalen
1061,Macaroni
1446,Rijstolie
220,Bosvruchtenjam
143,Beenham (voorverpakt)
829,Ketchup
2086,Zout  (kruiden)
373,Currypasta
1359,Plakken bacon (voorverpakt)
290,Chardonnay (Australië)
522,"Fusilli, casareccia"
1529,Scheergel - mannen
567,Gemengde drop
915,Koffiemelk flesjes
547,Geitenkaas (plakken)
1697,Suikerklontjes en staafjes
1555,Servetten (feestdag)
1330,Pinot Grigio (Australië)
160,Bijzondere thee
1386,Poedersuiker
415,Donkere basterdsuiker
1096,Mascarpone
369,Croissant (vers)
1965,Vrije uitloop eieren
1207,Noten garnering
1735,Tarwebloem
1998,Wereld maaltijden
159,Bietjes (vers)
1689,Stuk leverworst (versafdeling)
870,Kippenbouillon (blokjes)
1769,Tomatenpulp (conserven)
943,Kook- en woonbladen
2078,Zoete uien
2076,Zoete drop (zacht)
638,Groene asperges
2026,Witte wijn (klein)
1316,Peultjes (vers)
1875,Verse citroenen
622,Granaatappel (vers)
131,Basilicum (vers)
1425,Radijs (verpakt)
1413,Pure chocolade met noten
563,Gember (vers)
2034,Worcester sauce
295,Cheddar
1100,Mayonaise (minder vet)
88,Arachide olie
278,Cayennepeper
219,Bosuien
1490,Rozemarijn (vers)
1695,Sugar Snaps (vers)
169,Bladsla
1622,Soepstengels
400,Dille (vers)
767,Italiaanse keukenkruiden
1719,"Tabasco, chilipepersaus"
1767,Tomaten producten
1395,Pot (mint)
167,Bladerdeeg (diepvries)
1775,Tomatensoep in zak
734,Hummus (naturel)
704,Haverdrink
1629,Sojadrink (houdbaar)
706,Havermout (regular)
1451,Risotto rijst
958,Krieltjes - ongeschild
577,Gerookte makreel
296,Cheese & onion chips
1106,Meergranen brood (dagvers)
1212,Notenmix (zakje)
28,Aardbeienjam
774,"Jasmijn, pandanrijst"
1746,Theebiscuits
1478,Roomijs premium
795,Kaassouffle (frituur)
2016,Witte chocolade met noten
572,Geraspte emmentaler en gruyere kaas
820,Keelpastilles
1411,"Pudding, desserts"
1085,Mango per stuk
711,Hele Laurierblad
1360,Plakken boterhamworst (versafdeling)
1072,Maisbrood (ovenvers)
2106,Zwarte thee meerkops
1741,Thais maaltijdpakket
1877,Verse grapefruits
590,Gezeefde tomaten (conserven)
1772,Tomatenschijven (conserven)
177,Bleekselderij (vers)
2036,Worst (varkensvlees)
831,Keukenaccessoires
1248,Oude kaas (plakken)
1437,Reguliere servetten
1367,Plakken kookworst (versafdeling)
2087,Zout (diverse)
1365,Plakken grillworst (versafdeling)
1985,Water (in tray)
676,Hagelslag (suikerbewust)
1432,Rauwkost groente
1217,Olijfolie basis
1308,Peren zoet en aromatisch
811,Karnemelk (vers)
681,Halfvolle melk
860,Kipfilet (versafdeling)
969,Kruidenboter
1954,Volle kwark
2070,Zoete aardappelen
2025,Witte thee
324,Ciabatta
1443,Rigatoni
1439,Ricotta
1534,"Schelpjes, conchigliette"
1722,"Tagliatelli, fettucini, linguine (houdbaar)"
762,Inktvis
698,Haricots verts (diepvries)
1802,Tuinbonen (diepvries)
1510,Salami - speciaal (versafdeling)
934,Komijnkaas (plakken)
1296,Pedaalemmerzakken
1414,Pure chocolade met smaak
952,Kraamtijd
91,Artisjok (conserven)
687,Hamblokjes (voorverpakt)
912,Koffiefilters
41,Afbakstokbrood
662,Groentesoep in zak
1616,Soepballetjes (conserven)
205,Boomstammetje
1825,Vanaf 1 jaar (dreumesmelk)
580,Geschilde aardappel - vastkokend
1477,Roomijs hoorntjes
519,Fruitsnacks
2072,Zoete beleg (suikerbewust)
591,Gezichtsdoekjes baby
868,Kipnuggets/kipfingers (frituur)
543,Gehaktbal
733,"Hugo, wijncocktail"
1116,Melk paaseitjes
1267,Pannenkoeken
1140,Mixdranken (blikjes en flesjes)
961,Krokante muesli (chocolade)
1935,Vleessauzen (vers)
962,Krokante muesli (fruit)
1594,Slavinken
779,Jonge kaas (stuk)
1828,Vanaf 12 mnd (baby maaltijden)
501,Frikandel (frituur)
516,Fruitmix - diepvries
1256,Overige
546,Gehaktstaaf
1084,Mango (diepvries)
457,Energy drinks
9,Aardappelballetjes
594,Gezouten roomboter
421,Doperwten/wortelen (conserven)
118,Bak aroma
121,Bakpoeder
34,Achterham (voorverpakt)
523,Galia meloen
1161,Muesli (chocolade)
208,Borrelhapjes kaas
1135,Mini pizza's
1546,Schuddebuikjes
229,Breekbrood (afbak)
1235,Oosterse soep
1260,Paassnoep
314,Chocolade paashaas
497,Frambozenjam
2054,Zakdoekjes
879,Kippensoep in zak
848,Kinderdesserts (yoghurt)
1110,Melk chocolade
665,Grote paaseieren
654,Groentemix (vers)
1574,"Sinaasappelsap, jus d'orange (vers)"
264,Candybars multipack
901,Koek bites
42,Afwasborstels
120,Bakpapier
515,Fruitmix (conserven)
1597,Smeerbare margarine
1537,Schnitzel (kip)
703,Hartige taart
586,Gevulde koeken
1449,Rijstzoutjes
1860,Velderwten (conserven)
968,Kropsla (voorgesneden)
23,Aardappelschotel - Grieks
655,"Groentepasta, rijst (vers)"
242,Bruine bonensoep in blik
1791,Traditionele Hollandse gerechten
680,Half harde kaas
1937,Vleeswaren speciaal (versafdeling)
695,"Handwas, voorwas"
1641,Specialiteiten
1979,Waspoeder (kleur)
909,Koffiebonen (origins)
271,Carpaccio (versafdeling)
751,Ice tea koolzuurvrij (flessen)
548,Geitenkaas (stuk)
1659,Sportdrank flesjes
1926,Vlees (varken)
300,Chili
593,Gezichtsreiniging vrouw
1138,Mix paaseitjes
1271,Pap - groot
337,Cola light & suikervrije blikjes
1962,Voorgesneden uien
1794,Treksluitzakken
1762,Toiletpapier - 2 laags
1129,Mexicaanse mix
652,Groentefriet (vers)
397,Diepvrieszakken
1312,Pesto in pot
517,Fruitrepen
247,Burgers (vegetarisch)
274,Cashewnoten (zakje)
1978,Walnoten (zakje)
1658,Sponzen
1792,Traditionele Italiaanse gerechten
1288,Pastasaus in zak
1751,Tijdschriften vrouwen
1945,Vloeibare schoonmaakzeep
2084,Zonnebloemolie
1725,Tandenstokers
384,Deospray mannen
1643,Speculoospasta
754,Indiaas maaltijdpakket
752,Ice tea koolzuurvrij (pakken)
765,Italiaans maaltijdpakket
834,Keukenreiniger
1729,Tandpasta sterke tanden
1623,Soepvlees (rund)
896,Knoflooksaus
340,Cola light & suikervrije multipacks
560,Gemalen zwarte peper
168,Bladerdeeg (vers)
926,Kokosmelk
632,"Grenache, Garnacha rosé (Frankrijk)"
1732,"Tapenade, bruschetta"
259,Cake (vers)
1799,"Truffel, pesto mayonaise"
243,Bubbels overig
1311,Pesto (vers)
45,"Aioli, boter"
1335,Pinot Grigio (Zuid Afrika)
1062,Macarons
1526,Sauvignon Blanc (Zuid Afrika)
806,Kaneel (stokjes)
61,Amandelen (bakje)
1056,Maandverband (dag)
702,"Hartige biscuit, knackbrod"
1057,Maandverband (nacht)
1677,Stoommaaltijden
17,Aardappelpuree (mix)
1720,Taco's
67,Ananas stukjes
308,Chips minder vet
116,Badtextiel
2045,Yoghurt tussendoortjes
581,Gesneden
1280,Paracetamol
1139,Mix voor dipsaus
1268,Pannenkoekenmix (diverse)
1164,Muesli (noten)
1551,Selderij (vers)
682,Halfvolle melk (houdbaar)
922,Koffiesiroop
808,"Karamel, hopjes vla"
1749,Theelichten
1632,Sorbet en yoghurtijs
1739,Tempranillo (Spanje)
2059,Zeevruchten (diepvries)
1705,Sushi benodigdheden
772,Japanse sojasaus
1336,Pinot Grigio - rosé (Italië)
409,Doekjes
2020,Witte kool
250,Cabernet Sauvignon (Chili)
812,Kartonnen bekers
1635,Spaanse rode wijn (stevig)
1320,Pilsener - blik
796,Kaassouffle (oven)
8,Aardappel vastkokend - met schil
1638,Spaghetti (houdbaar)
657,Groentesap (vers)
2061,Zeezout
1398,"Prikkers, touw"
329,Citroenblad
553,Gelatine (poeder)
240,Bruin brood (ovenvers)
1091,Marmelade
1763,Toiletpapier - 3 laags
1681,Stroop (regulier)
950,Koriander (vers)
1558,Sesamzaad
1415,"Pure chocolade met vulling, praliné"
214,Borrelnoten (zakje)
490,Fond
1893,Verse vleestomaten
1601,Smoothie-fruit (vers)
756,Indiase mix
1457,Rode kool (vers)
57,Aluminiumfolie
514,Fruitbiscuit & melkbiscuit
1897,Vershoudfolie
554,Gele paprika
595,Ginger Ale
276,Cassis
963,Krokante muesli (naturel)
819,Kattenvoer Singlepack
363,Cranberries (diverse)
130,Barbecuesaus
930,Kokosolie
63,Amandelen (zakje)
1554,Seroendeng
1216,Oesterzwammen
1564,Shi take
1151,Mosterd (regular)
537,Gedroogde ham (voorverpakt)
1127,Mexicaans bier
272,Cashewnoten (bakje)
1508,Salami (versafdeling)
597,Gist
1469,"Rondo, carre (vegetarisch)"
471,Falafel
788,Kaas broodjes
1463,Roerbaksaus
70,Anijs
587,Gevulde paaseitjes
1776,Tompoucen (vers)
1406,Pruimen - vers
1293,Pate - vegetarisch
86,"Appelstroop, perenstroop"
1427,Radler citroen
154,Bier 0.0
1464,Roggebrood (dagvers)
619,"Graanvlokken, gepoft"
388,Desserts
766,Italiaanse diepvries maaltijd
1230,Oog make-up remover
1758,Toffees
1699,Surimi
1162,Muesli (fruit)
1052,Maaltijdgroente
544,Gehaktbal (rundvlees)
434,Droge worst - metworst
538,Gedroogde tomaten
1756,Toast
158,Bietjes (conserven)
352,Cordon bleu
2067,Zilveruitjes
26,Aardbeien (diepvries)
1302,Peperkoek - gesneden
1177,Multivruchtensap & drank (gekoeld)
173,Blauwe bessen (diepvries)
494,Frambozen (diepvries)
1471,Rookkaas (plakken)
1650,Sperziebonen (diepvries)
1223,Ontbijtkoek - gesneden
1137,Minneola
1949,Vochtige schoonmaakdoekjes
1549,"Seizoenchocolade, seizoensnoep"
761,Indonesische woksaus
877,Kippensoep (zelf bereiden)
659,Groentesoep (zelf bereiden)
1915,Vissauzen (mix)
1929,Vleesbouillon (poeder)
1773,Tomatensoep (zelf bereiden)
871,Kippenbouillon (poeder)
835,Keukentextiel
1603,Snelfilterkoffie (cafeïnevrij)
1873,Verse blauwe druiven
315,Chocolade vla
162,Bindmiddel
1921,VlaFlip
450,Eierkoeken
1272,Pap - portieverpakking
65,Ananas (conserven)
1310,Perziken (conserven)
1673,Stoofpeertjes
1692,Stuk spek (voorverpakt)
701,Haring (vers)
650,Groentebouillon (poeder)
164,Bitter Lemon
36,Afbak croissants
1456,Rode kool (diepvries)
1349,Pizza (steen/houtoven)
458,Entrecote
1813,Uienpoeder
1404,Provencaalse kruidenmix
2022,Witte peper
1243,Oregano
1817,Uitdeelzakjes chips
1090,Marinade
510,"Frituurvet, frituurolie"
753,Incontinentie vrouwen
1587,Slagroom
769,"Jalapeno, pepers"
1289,Pastinaak
602,Glutenvrije afbakbroodjes
1951,Vogelvoer
293,Chardonnay (Spanje)
1864,Venkelzaad
1552,Selderij kruiden
1279,Paprikapoeder
936,Komijnzaad (gemalen)
1863,Venkel
1752,Tijm
1491,Rozemarijn kruiden
1522,Sauvignon Blanc (Chili)
288,Charcuterie speciaal (versafdeling)
746,IPA (India pale ale)
1009,Leverkaas (versafdeling)
1996,Weizen bier
111,Babysiroop
1991,Watermeloen per stuk
291,Chardonnay (Chili)
1097,Matzes
1868,Vermentino (Italië)
476,Fiano (Italië)
691,Hamlappen
1852,Varkenshaas (vers)
815,Kattenbakvulling
503,Fris & fruitig witte wijn (per doos)
1021,Linzen (conserven)
1321,Pilsener - fles
1358,Plakken bacon (versafdeling)
1314,Peterselie kruiden
1523,Sauvignon Blanc (Frankrijk)
667,Grüner Veltliner (Oostenrijk)
347,Colombard (Zuid Afrika)
298,Chenin Blanc (Zuid Afrika)
1465,Roggebrood (ovenvers)
1122,Merlot (Frankrijk)
1524,Sauvignon Blanc (Nieuw Zeeland)
1070,Mais eieren
1866,Verdicchio
1141,Mixdranken (flessen)
1165,Muesli notenbrood
940,Komkommer salade
1263,Paneermeel (divers)
472,Farfalle
1380,Plantenverzorging
97,Aspergesoep in zak
113,Badkamerreiniger
279,Cervelaat (versafdeling)
286,Champignonsoep in zak
660,Groentesoep in blik
96,Aspergesoep in blik
181,Bloemen
2103,Zwarte peper heel
356,Corned beef (voorverpakt)
2050,Yoghurtdressing
1418,Puzzelboekjes
1103,Mayonaise (snacksauzen)
1246,Ossenstaartsoep in zak
1363,Plakken gegrild gehakt (versafdeling)
1467,Rollade - broodbeleg
644,Groenemix (conserven)
653,Groentemix (diepvries)
1236,Opbergartikelen
736,Hutspot groente
1372,Plakken spek (versafdeling)
791,Kaashapjes (oven)
1570,Sinaasappeljam
588,Gevulde scharreleitjes
322,Chorizo worst
1906,Vis  (feestdagen)
618,Gourmetvlees-vis
1861,Velderwten (diepvries)
921,Koffieroom
1533,Scheerschuim - mannen
1264,Paneermeel (naturel)
464,Extra belegen kaas (blokjes)
2047,Yoghurt/kwark met muesli
444,Dubbelvla
1111,Melk chocolade met biscuit
763,Inlegkruisjes
1900,Viervruchtenjam
2014,Witte chocolade
2082,"Zoetstof tabletten, vloeibaar"
1410,Pudding - portieverpakking
920,Koffiepads (regular)
150,Bestek staal
1005,Leesboeken
1824,Vaatwasmachine reiniger
1374,Plakken tongenworst (versafdeling)
1857,Vegetarische maaltijden
1384,Pockets
2095,Zure zult (versafdeling)
142,Beenham (versafdeling)
1518,Saucijzenbroodje (diepvries)
2033,Woonaccessoires
1940,Vlekverwijderaars
1286,Pastasaus (vers)
98,Aspergessaus
163,Bindsla
1355,Pizzabroodjes
1233,Oosterse diepvries maaltijd
725,Honing-mosterd dressing
487,Focaccia
1048,Luxe toast
77,Appelcompote
1185,Nasi/bami snacks
355,Corned beef (versafdeling)
1265,Pangasius (diepvries)
338,Cola light & suikervrije flesjes
1158,Mousserend overig
1175,Multivitamine (pakken)
1730,Tandpasta witte tanden
2052,Yorkham (voorverpakt)
1347,Pizza (dikke bodem)
755,Indiase chilisaus
875,Kippenlever
1648,Speltbrood (ovenvers)
1371,Plakken ossenworst (versafdeling)
1499,Runderlever
2003,Wijntaps
562,Gember (conserven)
499,Fricandeau
1426,Radler 0.0
1319,Pijnstillers
818,Kattenvoer Multipack
485,Flessen water (koolzuurvrij)
1912,Vissalade
35,Advocaat
1247,Ossenworst (voorverpakt)
1101,Mayonaise (natriumarm)
405,Diverse rode wijn
1649,Sperziebonen (conserven)
1186,Nat hondenvoer
1234,Oosterse sauzen (vers)
773,Japanse woksaus
1527,"Sauzen, sappen, dips"
855,Kip shoarma-kebab
406,Diverse rosé
146,Berliner bol
437,Droog hondenvoer
1211,Notenmix (multipack)
345,Cola smaakvarianten flessen
1045,Luxe desserts (groot)
551,Geklopte slagroom
805,Kaneel (gemalen)
748,Ice tea koolzuurhoudend
645,Groente (ovenschotel)
582,Gesneden prei (vers)
1213,Notenrepen
353,Cordon bleu (kip)
742,IJsblokjes
722,Hondensnacks
799,Kabeljauw (vers)
570,Gepaneerde vis (vers)
721,Hollandse diepvries maaltijden
1933,Vleessalades (beleg)
906,Koffie creamers
1198,Neusspray volwassenen
719,Hoestdrank
978,Kunstgebit artikelen
374,Currysaus
738,Huzarensalades
466,Extra belegen kaas (stuk)
1163,Muesli (naturel)
410,Dolce Gusto compatible (cafeïnevrij)
1377,Plantaardige yoghurt met smaak
443,Dubbeldrank (pakken)
50,Alcoholvrije rode wijn
54,Allesreiniger
1013,Lichte basterdsuiker
254,Cabernet Sauvignon (Zuid-Afrika)
72,Anti-kalkmiddel
365,Cranberrysap & drank
496,Frambozen azijn
1698,Suikervrije drop
740,IJsbergsla (melange)
918,Koffiepads (krachtig)
203,Bonenschotel
1329,Pinot Blanc (Frankrijk)
1229,Ontstopper
1422,Rabarber (conserven)
275,Casselerrib (voorverpakt)
1938,Vleeswaren special (voorverpakt)
1611,Snoepgroente mix
847,Kinderdesserts (kwark)
851,Kindertandenborstel
1305,Peperkoekrepen
1206,Noten en fruitmix
404,Diverse (zakje)
215,Borrelschotel
1971,Vruchtenyoghurt (portieverpakking)
341,Cola regular blikjes
1547,Schuimpjes
1030,Luchtverfrissers - electrisch
1983,Wasverzachters - geurbuiltjes
1136,Mini snoepjes
521,Fudge
729,Hopjes
1712,TV-gidsen
1642,Speculaas
1399,Primeur aardappel - vastkokend
249,Cabernet Sauvignon (Australië)
1482,Roomsaus
532,Gebitsreiniging tabletten
658,Groentesauzen
1855,Varkenssate (diepvries)
1428,Ragout
824,Kerriesauzen
1033,Luchtverfrissers - verstuiver
1120,Merlot (Australië)
94,Aspergesaus
22,Aardappelschijfjes (vers)
200,Bolognese chips
1869,Vermicelli
1675,Stoofvlees
876,Kippenpoten
1531,Scheermesjes - mannen
793,Kaassalades
872,Kippenbouillon (vloeibaar)
512,Fruit en pittenmix
59,Amandeldrink (houdbaar)
1843,Vanaf 8 mnd (baby koekjes)
679,Halal vleeswaren
1240,Oploskoffie (regular)
1573,Sinaasappelsap & drank (gekoeld)
1453,Rivierkreeftjes
895,Knoflookpoeder
124,Balletjes (vegetarisch)
535,Gedroogd fruit (diverse)
639,Groene olijven
1669,Steranijs
1350,Pizza pakket
732,Houtskool
826,Kersen (conserven)
935,Komijnkaas (stuk)
1226,Ontbijtkoekrepen
1315,Peultjes (diepvries)
482,Flesjes water (koolzuurhoudend)
1366,Plakken grillworst (voorverpakt)
1144,Mondwater
816,Kattenmelk
87,Appeltaartmix
1421,Quinoa
439,Droogshampoo
129,Bapao
908,Koffiebonen (krachtig)
1325,Pinda's (groot)
1568,Sigaretten
1724,Tampons
1255,Ovenklare kip
73,Anti-roos shampoo
1197,Nespresso compatible (regular)
344,Cola smaakvarianten blikjes
1812,Tzaziki saus
1717,Taartmix
1923,Vlaaivullingen
1501,Rundervinken
2041,Wortelen (conserven)
18,Aardappelpuree (vers)
1535,Schimmel- en voegenreiniger
1252,Ovenklaar (rundvlees)
2089,Zoute drop (zacht)
301,Chilibonen
1353,Pizzabodem (vers)
917,Koffiepads (cafeïnevrij)
869,Kipnuggets/kipfingers (oven)
452,Eierschotel
1932,Vleessalade
71,Ansjovis (conserven)
1064,Magere melk (houdbaar)
1191,Nectar dranken
840,Kikkererwten (conserven)
1388,Pompoen (diepvries)
390,Diarreeremmers
2097,Zuurtjes
672,Haarspray
480,Filetlappen
21,Aardappelschijfjes (diepvries)
1759,Tofu (vegetarisch)
52,Alfalfa
666,"Gruyere, emmentaler (stuk)"
1914,Vissaus
1853,Varkenslever  (versafdeling)
1132,Mierikswortel (conserven)
1098,Mayonaise (citroen)
151,Bewaardozen
1012,Libanees maaltijdpakket
325,Cider
802,Kalkoen - stuk
1936,Vleeswaren (portieverpakking)
771,Japanse mix
1943,Vloeibare eiwit
1930,Vleesbouillon (vloeibaar)
428,Dragonazijn
1637,Spaanse sherry (half zoet)
884,Kipvleugels
66,Ananas per stuk
448,Eclairs (vers)
197,Boerensalades
216,Bosbessen (vers)
51,Alcoholvrije witte wijn
827,Kersen (diepvries)
977,Kuipje filet americain (voorverpakt)
1148,Mosselen (vers)
1069,Mais (gedroogd)
798,Kabeljauw (diepvries)
1997,Wereld diepvries maaltijden
1858,Vegetarische salades
1284,Pasen diepvries
396,Diepvrieslekkernijen (feestdagen)
313,Chocolade paasfiguren
1578,Sinas flesjes - Per stuk
251,Cabernet Sauvignon (Frankrijk)
265,Cannellini bonen
1820,Unisekssokken - maat 39-42
1117,Melkbroodjes
1738,Tempeh
1515,Sardines (conserven)
1646,Spelicaliteiten brood
1297,Peen julienne
995,Lamsbiefstuk
839,Kiemgroente
1389,Pompoen (vers)
1145,Montepulciano (Italië)
1254,Ovenklare aardappelen
268,Carignan (Frankrijk)
1393,Portugees maaltijdpakket
1238,Oploskoffie (divers)
413,Dolce Gusto compatible (regular)
1298,Pekelvlees
1239,Oploskoffie (melkbasis)
473,Feestje - tractaties
809,Karbonades
1441,Riesling (Frankrijk)
745,IJstaarten
1947,Vloer- en tapijtreiniger
1815,Uiensoep in zak
757,Indonesisch maaltijdpakket
606,Glutenvrije koek
2053,Zaden (diverse)
1417,Puursap
1173,Multivitamine
454,"Elderflower, rose, lime"
1919,Vitamine D
1560,Shampoo alle haartypes
348,Conditioner
552,Gel
671,Haarmousse
105,BBQ sauzen
1273,Papaya
1017,Likorettes
312,Chocolade geschenken
292,Chardonnay (Frankrijk)
2012,Witte basterdsuiker
599,Glasreiniger en reinigingsspray
381,Damessokken - maat 39-42
631,"Grenache, Garnacha (Spanje)"
107,Baby huidolie
294,Chardonnay (Zuid-Afrika)
2058,Zeekraal
1505,Saffraan
2046,"Yoghurt, kwark (portieverpakking)"
1438,Ribeye
1734,Tartaar (beleg)
56,Aluminium schaal
1193,Nederlandse mixen
1920,Vitamine water
1049,Maagzuurremmers
692,Hamreepjes (voorverpakt)
2056,Zalm (diepvries)
953,Krenten broodjes
14,Aardappelpartjes (diepvries)
1608,Snijbonen (conserven)
634,Griekse yoghurt extra smaak
1242,Oranje paprika
625,Granola (chocolade)
371,Cupcake mix
13,Aardappelkruiden
260,Cakejes
648,Groente wraps
323,Chutney
19,Aardappelsalade
780,Joppiesaus
1042,Lunchtrommel
29,Aardewerk kommen
636,Griekse yoghurt vruchten
1672,Stokbrood (gevuld)
1572,Sinaasappelsap & drank (drinkpakjes)
803,Kalkoenfilet (versafdeling)
905,Koekjesmix
1980,Wastabletten (kleur)
1093,Marokkaans maaltijdpakket
1444,Rijst 1 minuut
75,Aperitiefhapjes met vis
617,Gourmetschotels
867,Kipnuggets (vers)
1402,Professionele schoonmaakartikelen
710,Health zuiveldranken
575,Gerookte kip - reepjes
1133,Mini frikandel (oven)
1592,Slasaus
1850,Vanillesuiker
89,Aroma
1807,Tuinkruidensaus
1613,Snoeprollen
1679,Strip (fruit)
786,Jus tuinkruiden
705,Havermout (instant)
985,Lactosevrije halfvolle melk
175,Blauwe bessensap & drank
888,Klus- en schoonmaak handschoenen
1561,Shampoo gekleurd haar
1031,Luchtverfrissers - gel
2021,Witte paaseitjes
2055,Zalm (conserven)
223,Boterhamzakjes
549,Geitenmelk
1784,Tonijn met groente
1625,Soesjes (diepvries)
1196,Nespresso compatible (origins)
630,"Grenache, Garnacha (Frankrijk)"
1105,Medium tandenborstel
1424,Radijs (snoepgroente)
1092,Marmite
712,Hele kip
804,Kalkoenfilet (voorverpakt)
478,Fiets verlichting
185,Blok zeep
1461,Roerbakmix (diepvries)
1018,Limabonen
1174,Multivitamine (drinkpakjes)
401,Dinerkaarsen
511,Fruit chips
1525,Sauvignon Blanc (Spanje)
1025,Lipverzorging
1713,Taart (diepvries)
536,Gedroogde ham (versafdeling)
47,Alcoholvrij bubbels
115,Badschuim alle huidtypes
204,Boodschappentas
233,Broccoli (diepvries)
1595,Slingers
1898,Versiering (feestdag)
277,Cava
125,Ballonnen
1718,Taartversiering
1333,Pinot Grigio (Italië)
1130,Mexicaanse sauzen
1433,"Ravigottesaus, tartare saus"
461,Erwtensoep in pot
1834,Vanaf 4 mnd (fruithapjes)
1357,Plakband
206,Borlotti bonen (conserven)
414,Donker bier
1830,Vanaf 12 mnd (fruithapjes)
489,Foliumzuur
852,Kindertandpasta
412,Dolce Gusto compatible (melkbasis)
328,Cinsault
1102,Mayonaise (olijf)
211,Borrelmix (frituur)
1532,Scheermesjes - vrouwen
1639,Spareribs (vers)
566,Gembersiroop
209,Borrelhapjes met vis
857,Kipcorn (diepvries)
584,Geurstokjes
161,Billendoekjes
1028,Lollies
2099,Zwangerschapstest
326,Cider 0.0
1840,Vanaf 6 mnd (fruithapjes)
2079,Zoete verrijkers
2001,Wijnazijn
44,Ahornsiroop
433,Droge worst - cervelaat
1903,"Vingerverf, waterverf"
1435,Reepjes bacon (voorverpakt)
231,Bril doekjes
1383,Pleisters
923,Kokosbrood
281,Champignons (conserven)
191,Boemboe
183,Bloemkool (diepvries)
1685,Stuk grillworst (versafdeling)
642,Groene spliterwten
897,Knolselderij
1466,"Rol, zakje pepermunt"
1899,Veters
1004,Ledlampen
368,Croissant (diepvries)
1615,Soda
317,Chocolademelk (drinkpakjes)
1805,Tuinkruiden
1686,Stuk grillworst (voorverpakt)
1514,Sanitairzakken
442,Dubbel bier
1910,Viseitjes
1258,Overige pitten
84,Appelsap & drank (gekoeld)
1403,Prosecco
82,Appels zoetzuur
787,Jus uitjes
697,Haricots verts (conserven)
700,Haring (conserven)
1934,Vleessauzen
7,Aardappel kruimig - met schil
284,Champignonsoep (zelf bereiden)
942,Koninginnensoep
931,"Kokosrasp, snippers"
327,Ciderazijn
1309,Perensap & drank
1224,Ontbijtkoek - ongesneden
1966,Vrouw multivitamines
165,Bitterballen (frituur)
1851,Variatiesauzen
1019,Limoensap
1684,Stuk gegrild gehakt (voorverpakt)
1821,VRO artikelen (niet voor klant)
217,Bosbessenjam
828,Kersenjam
2004,Wijnzuurkool
319,Chocolademelk (tussendoor)
1835,Vanaf 6 mnd (baby desserts)
237,Broodmix (diverse)
1839,Vanaf 6 mnd (baby toetjes)
1827,Vanaf 12 mnd (baby koekjes)
601,Glutenvrij brood
462,Erwtensoep in zak
623,Granaatappelsap & drank
1575,Sinas (blik)
1210,Notenmix (groot)
1024,Linzensoep in zak
1390,Pompoensoep in zak
1006,"Lemon, lime dranken (blik)"
1939,Vlekkenmiddel
1783,Tonijn in zonnebloemolie
2037,Worst (vegetarisch)
2007,Wit bier
2064,Zemelen
1619,Soepgroente (diepvries)
1220,Onderhoudsmiddel
513,Fruit spread
1627,Soft tandenborstel
1550,Seizoenspizzabodem
1452,Rivella
81,Appels friszuur
393,Diepvries ananas
955,Kriek en fruitbier
140,"Beeldscherm, brilreiniger"
783,Jus pikant
1184,Nasi-bamivlees
1715,Taart decoratie
141,Beenham (stukvlees)
379,Damesondergoed
188,Bodycreme
256,"Cadeaupapier, lint"
2088,Zoute drop (hard)
1087,Mangosap & drank
2027,Wodka met smaak
1392,Portieverpakkingjam
1008,Lentebok
924,Kokoscrème
172,Blauwaderkaas
333,Cocktailsaus
996,Lamskotelet
336,Cola cafeïnevrij flessen
93,Asperges (diepvries)
1566,Shoarma saus
2066,Zilver shampoo
596,Ginger beer
1904,Viognier (Chili)
1401,Printpapier
1245,Ossenhaas
1708,"Syrah, Shiraz (Frankrijk)"
179,Blocnotes
377,Dagcreme man
1871,Vermout
1022,Linzen (gedroogd)
1745,Thaise woksaus
426,Douchegel voor mannen
616,Goulashsoep in zak
673,Haaruitval
342,Cola regular flesjes
608,Glutenvrije peperkoek
136,Basismeel (glutenvrij)
604,"Glutenvrije crackers, knackebrod"
376,Dadelstroop
4,Aanstekers
1201,Noedels
1706,Sushi rijst
440,Druivensap & drank
1194,Nespresso compatible (cafeïnevrij)
1,0-6 mnd (zuigelingenvoeding)
1841,Vanaf 6 mnd (opvolgmelk)
1038,Luiers maat 3 (4 - 9 kg)
1542,Schouderham (conserven)
1682,Stroopkoeken
715,Herfstbok
900,Koek (suikerbewust)
222,Boterhamworst - vegetarisch
351,Containerzakken
123,Bakvormen
1492,Rozenbotteljam
2073,Zoete broodjes (afbak)
749,Ice tea koolzuurvrij (blikjes)
1331,Pinot Grigio (Chili)
1577,Sinas flesjes - Multipack
1500,Runderreepjes
349,Condooms
1754,Tilapia (diepvries)
1073,Maiskolven
306,Chinese woksaus
504,Frisdrank met fruit (blik)
1747,Theefilters
822,Kefir
257,Caesardressing
266,Cantaloupe meloen
1511,Salie (vers)
550,Geitenyoghurt
1281,Paranoten (zakje)
424,Douchecreme
1731,Tape
716,Herstellende shampoo
1356,Pizzasaus
646,Groente chips
1969,Vruchtenwijnen
309,Chocolade (suikerbewust)
1811,Tussendoortjes (glutenvrij)
629,Grapefruitsap & drank
1295,Pecannoten (zakje)
611,Glutenvrije snacks (diepvries)
1721,Tafelversiering (feestdag)
534,Gecondenseerde melk
2031,Wokpannen
1737,Tawny port
731,Houdbare slagroom
690,Hamburgers - varkensvlees (vers)
1610,Snoep (suikerbewust)
468,Extra vierge met toevoegingen
1495,Ruby port
1963,Voorverpakt chorizo
891,Knakworst (vers)
801,Kalkoen - reepjes
372,Curd
1504,Rustieke kaarsen
981,Kussens
285,Champignonsoep in blik
170,Blanke vla
470,Extravezel rijst
651,Groentebouillon (vloeibaar)
539,Gegrilde paprika
1125,Merlot rosé (Zuid Afrika)
221,Bosvruchtensap & drank
135,Basis voor soep (tomatensoep)
1081,Mandarijnen (conserven)
1976,Walnoten (bakje)
1119,Meringue
1454,Rode bessen
2032,Wondverzorging
431,Drinkmaaltijd
1041,Luiers maat 6-7 (16+ kg)
1035,Luierbroekjes
133,Basis voor smoothie
821,Keeltabletten
330,Citroengras
1618,Soepele rode wijn (per doos)
633,Griekse yoghurt
202,Bonenkruid
973,Kruidnagel (gemalen)
718,Hert (vers)
1984,Wasverzachters - ongeconcentreerd
1667,Standaard lampen
304,Chinese mix
1895,Verse zalm - stukjes
1657,Spoelglans middel
844,Kinder shampoo
880,Kiprollade
488,Foelie
207,Borrelhapjes groente
2083,Zoetzure saus
224,Braadstomen
1029,Luchtverfrisser voor stofzuiger
1671,Stofzuigerzakken
1567,Sigaren
430,Drinkbouillon
1859,Vegetarische sate (diepvries)
11,Aardappelgratin (diepvries)
946,Koolvis (diepvries)
1108,Melen (superfood)
693,Hamstervoer
1214,Nougat
1521,Sauvignon Blanc (Australië)
1375,Plantaardig ijs
941,Konijnenvoer
62,Amandelen (groot)
589,Gewurztraminer (Frankrijk)
1231,Oordoppen
1605,Snelfilterkoffie (mokka)
800,Kalkoen - blokjes
947,Koolzaadolie
99,Atjar
132,Basilicum kruiden
647,Groente kruiden
859,Kipfilet (vegetarisch)
427,Doucheschuim
74,"Aperitiefhapjes groente, kaas"
1169,"Muffin, scones mix"
1155,Mosterdzaad heel
559,Gemalen mosterdzaad
1171,Multipack (fruit)
1849,Vanillestokje
1660,Sportreep
717,Herstelreep
1334,Pinot Grigio (Slovenie)
1058,Maanzaad
366,Creamer staafjes
558,Gelspray
1400,Primitivo
1964,Voorverpakte raclette kaas
1676,Stoom aardappelen
792,Kaasplankjes
117,"Bak accessoires, uitsteekvormpjes"
1832,Vanaf 3 jaar (peutermelk)
1831,Vanaf 2 jaar (peutermelk)
153,Bidon en lunchbeker
2057,"Zalmspies, visspies - BBQ"
750,Ice tea koolzuurvrij (drinkpakjes)
1829,Vanaf 12 mnd (baby pap)
1040,Luiers maat 5 (11 - 25 kg)
1836,Vanaf 6 mnd (baby koekjes)
873,Kippenbout
1907,Vis (vegetarisch)
1999,Wetenschappelijke- en opiniebladen
892,Knoflook (in pot)
1149,Mosselsaus
1539,Schnitzel met vulling (kip)
933,Koks- en schilmessen
600,Glazen
1337,Pinot Noir (Australië)
1188,Natriumarme pindakaas
449,Eend (vers)
1870,Vermicelli soep
1094,Marokkaanse kruiden
838,"Kidneybonen, kikkererwten (diepvries)"
1819,Unisekssokken - maat 35-38
781,Juliennesoep
728,Hooikoorts spray
1215,Oestersaus
850,Kinderparacetamol
764,Instant chocolademelk
1304,Peperkoek - overig
990,Lactosevrije volle melk
1147,Moscato (Zuid Afrika)
1303,Peperkoek - ongesneden
238,Brownie bakmix
664,Groentespread (vers)
2018,"Witte chocolade met vulling, praliné"
621,Granaatappel (diepvries)
226,Bramen (diepvries)
1837,Vanaf 6 mnd (baby maaltijden)
335,Cola cafeïnevrij blikjes
1703,Surinaamse rijst
1818,Uitjes
1506,Saison
171,Blarenpleisters
1779,Tonijn (vers)
3,Aanmaakblokjes
2023,Witte port
825,Kerriesoep zelf bereiden
585,Geurtheelichten
1530,Scheergel - vrouwen
979,Kurkentrekker
1183,Nagellakremover
1842,Vanaf 8 mnd (baby desserts)
1080,Man multivitamines
1176,Multivitamine (zwangerschap)
236,Broodje (snack)
1987,Water met smaak (pakken)
1838,Vanaf 6 mnd (baby pap)
1257,Overige broodpasta
1014,Lijm
898,Knutsellijm
1228,Ontkalker (geschikt voor machines)
1126,Metworst (voorverpakt)
993,Lampen - speciaal
244,Buitenkaars
1702,Surinaamse mix
1351,Pizza- en deegsnijders
574,"Gerookte forel, haring"
106,BBQ tools
814,Karwijzaad
1844,Vanaf 8 mnd (baby maaltijden)
1846,Vanaf 8 mnd (fruithapjes)
55,Aloe vera drink
991,Lactosevrije yoghurt
1123,Merlot (Zuid Afrika)
937,Komijnzaad (heel)
1394,Pot (fruit)
1088,Mannen shampoo
1015,Lijnzaad
928,Kokosnoot (stukjes)
92,Asperges (conserven)
1489,Roti vellen (diepvries)
1589,Slagroomversteviger
1345,Pitten (superfoods)
612,Glutenvrije sojasaus
1826,Vanaf 10 mnd (opvolgmelk)
1845,Vanaf 8 mnd (baby pap)
1785,Tonijnpaté
1431,Rauwe ham (voorverpakt)
903,Koekenpannen
832,"Keukenmachine, staafmixer en handmixer"
1269,Pannenkoekenmix (glutenvrij)
670,Haardhout
2,2 in 1 shampoo
463,Exotische sappen & dranken
907,Koffiebonen (cafeïnevrij)
1606,Snelfilterkoffie (origins)
1800,Tuinbonen
1687,Stuk kookworst (versafdeling)
1545,Schrijfwaren
190,Bodymilk
1750,Tijdschriften mannen
1397,Preparé (vegetarisch)
678,Halal kip
677,Halal gehakt
1580,Siroop (suikerbewust)
1354,Pizzabodem mix
180,Bloedworst (voorverpakt)
1051,Maaltijden (conserven)
1911,Viskruiden
555,Gele rijst
1225,Ontbijtkoek - overig
1082,Mandarijnensap & drank
411,Dolce Gusto compatible (krachtig)
1909,Visbouillon (blokjes)
227,Bramen (vers)
198,Boetseerklei
668,Gyros
1503,Rundvleessoep
919,Koffiepads (melkbasis)
1562,Shampoo gevoelige huid
1902,Vijgenjam
1423,Rabarber (vers)
1440,Riesling (Duitsland)
1192,Nectarines
899,Knutselspullen
614,Gnocchi (houdbaar)
1918,Vitamine C
1115,Melk chocolade mini's
422,Doperwten/wortelen (diepvries)
1950,Vogel benodigdheden
378,Dagcreme vrouw
1047,Luxe noten
1680,Strip (mint)
305,Chinese sojasaus
1647,Speltbrood (dagvers)
109,Baby zalf
1742,Thaise chilisaus
813,Kartonnen borden
2080,Zoetstof (suikerbewust)
391,Dieetijs
1382,Plastic bekers
743,IJsblokzakjes
1663,Spruiten (diepvries)
1078,Makreel (conserven)
1704,Surinaamse sauzen
1187,Natriumarme ketjap
1385,Poeders
1208,"Noten-, zadenpasta"
419,Doperwten (diepvries)
68,Ananassap & drank
902,Koek- en speculaaskruiden
1569,Silvaner
1152,Mosterd mayonaise
1716,Taartbodem
273,Cashewnoten (groot)
810,Kardemom
1901,"Vijgen-, dadelbrood (kaasplankje)"
25,Aardappelschotel - Zwitsers
1590,Slakken (conserven)
100,Aubergine (diepvries)
395,Diepvries quiche
689,Hamburgers (conserven)
592,Gezichtsreiniging man
1989,Waterkers
530,Gebakken spekjes
1068,Mais (diepvries)
182,Bloemenverzorging
354,Corned beef (conserven)
708,Hazelnoten (zakje)
986,Lactosevrije koffie- en slagroom
498,Franse rode wijn (soepel)
46,Albariño (Spanje)
253,Cabernet Sauvignon (Spanje)
987,Lactosevrije melk
350,Confiture (kaasplankje)
387,Dessert (vers)
2000,Wijn specials (feestdagen)
157,Bietensap
854,Kip (feestdagen)
364,Cranberryjam
1808,Turks maaltijdpakket
1407,Pruimenjam
1153,Mosterd-honing
316,Chocolademelk (capsules)
1341,Pinotage - rosé
1809,Turkse groente conserven
1856,Vegetarisch (feestdagen)
1694,Styling paste
1071,Mais fantasia
790,Kaashapjes (frituur)
1000,Laos
1364,Plakken gegrild gehakt (voorverpakt)
1346,Pittenmix
637,Griep
225,Braadworst (conserven)
1342,Pistachenoten (bakje)
1630,Sojadrink (vers)
58,"Amandel, cashewdrink"
929,Kokosnootdrink (houdbaar)
1146,Moscato (Australië)
1793,Traditionele Oosterse gerechten
998,Lamsvlees (feestdagen)
2040,Worstenbroodje (diepvries)
1582,Siropen gezonde werking
1961,Volume tabak
2081,Zoetstof staafjes
1600,Smeltchocolade
524,Gardes
583,Geurkaarsen
1977,Walnoten (groot)
20,Aardappelsalades (beleg)
696,Hard tandenborstel
1023,Linzenmix
564,Gember kruiden
1282,Parelcouscous
533,Gebraden gehakt - vegetarisch
399,Dille (gedroogd)
598,Glans shampoo
1925,Vlees (rund)
1854,Varkenslever (voorverpakt)
2002,"Wijndoos, kist"
297,Chenin Blanc (Amerika)
1879,Verse kruidenmix
1892,Verse sushi
493,Forel (vers)
927,"Kokosmelk, crème"
1039,Luiers maat 4 (7 - 18 kg)
361,Couscous mix
949,Koreaanse mix
245,Bulgur
1723,Tahin
1556,Servies (feestdagen)
346,Colombard (Australië)
1941,Vloei
248,Cabernet Sauvignon (Argentinië)
1408,Pudding
1822,Vaatwas poeder
932,Kokoswater
1376,Plantaardige room
1244,Oregano (vers)
189,Bodylotion alle huidtypes
95,Aspergesoep (zelf bereiden)
2101,Zwarte bonen (gedroogd)
1668,Steak (diepvries)
1237,Oploskoffie (cafeïnevrij)
669,Haarcreme
883,Kipsaté
1662,Spruiten (conserven)
1083,Mango (conserven)
1981,Wasverzachters - droogtrommeldoekjes
1077,Majoraan kruiden
615,Goulashsoep in blik
1609,Snijbonen (diepvries)
1488,Roti vellen
2091,Zuid Afrikaanse maaltijdpakket
1200,Nicotine zuigtabletten
1593,Slaverrijkers
1332,Pinot Grigio (Frankrijk)
1661,"Spreads, salades (feestdagen)"
1419,Quadrupel bier
456,Energie repen
1624,Soepvlees kip
48,Alcoholvrij mousserend
1670,"Stickers, stempels"
380,Damessokken - 1 maat
1748,Theelicht- en kaarshouders
609,Glutenvrije pizza
455,Energie
1634,Spaanse reuzenbonen (conserven)
686,Ham - vegetarisch
1559,Shag
1781,Tonijn in saus
1277,Paprika mix (diepvries)
1740,Tempranillo - rosé
2069,Zinfandel - rosé (Amerika)
1118,Melkpoeder
16,Aardappelpuree (diepvries)
1955,Volle melk
481,Filodeeg
126,Balsamico (crema)
1095,Marokkaanse mix
1219,Olijven speciaal
1790,Tosti (diepvries)
358,Corvina (Italië)
1636,Spaanse sherry (droog)
1179,Munt vriesdroog
398,Diksap
1867,Vermentino (Frankrijk)
459,Enveloppen
1905,Viognier (Frankrijk)
1339,Pinot Noir (Frankrijk)
228,Bramenjam
997,Lamsrack
1710,"Syrah, Shiraz rosé (Frankrijk)"
841,Kikkererwten (gedroogd)
556,Gele spliterwten
1036,Luiers maat 1 (2 - 5 kg)
112,Babyspenen
1519,Saucijzenbroodje (glutenvrij)
610,Glutenvrije pizzabodem
1002,Lasagnebladen (glutenvrij)
1027,Loempiavellen
1557,Sesamolie
775,Jelly Bean
1143,"Mondverzorging, koortslip"
1338,Pinot Noir (Duitsland)
974,Kruidnagel (heel)
1796,Trofie
770,Japans maaltijdpakket
1486,Rosé bier
944,Kookpannen
845,Kinder speelgoed
2019,Witte chocolade mini´s
1994,Wax
1678,Stout & Porter
1744,Thaise mix
2063,Zelfbruiners
1181,Nachtcreme
110,"Baby, kinderzonnebrand"
139,Bedmats
853,Kindertoetjes
661,Groentesoep in pot
392,Dieetmaaltijden
1992,Watermeloensap & drank
1261,Paddenstoelen-melange
1075,Maismeel
842,Kind multivitamines
1124,Merlot rosé (Frankrijk)
565,Gemberjam
1328,Pinot Blanc (Duitsland)
1199,Neusspray voor kinderen
1653,Spinazie (conserven)
1182,Nagel(riem)verzorging
429,Drinkbekers
714,Herenkleding - ondergoed
2098,Zwaar bier
2060,Zeevruchten (vers)
1232,"Oordruppels, oorspray"
726,Honing-mosterdsaus
423,Douche olie
1814,Uiensoep (zelf bereiden)
988,Lactosevrije vla - groot
194,Boerenkool (conserven)
992,Lambrusco
1640,Speciaalbier laag in alcohol
1591,Slaolie
1352,Pizzabodem (ongekoeld)
1628,Sojadrink
1294,Pecannoten (bakje)
148,Bessen (superfoods)
605,"Glutenvrije havermout, pap"
1450,Riso
984,Lactosevrije chocoladepasta
970,Kruidenbotermix
334,Cocktailworstjes
1674,Stoofpotje
1711,Sémillon (Australië)
477,Fiets snelbinder / spinbinder
720,Hoestdrank voor kinderen
1034,Lucifers
230,Briketten
2043,Wortelsap
1429,"Rasp, kaasschaaf"
1975,Walnootolie
694,Handgel
1067,Magnesium
332,Coburger
287,Charcuterie (portieverpakking)
178,Blikopener
1700,Surinaams maaltijdpakket
447,Eclairs (diepvries)
723,Hongaarse maaltijdmix
1833,Vanaf 4 mnd (baby maaltijden)
2104,Zwarte rijst
1960,Volume shampoo
258,Cajun
149,Bestek plastic
2085,Zonnebrandcreme
1274,Pappardelle (houdbaar)
31,Abrikozen (conserven)
1381,"Plastic bakjes, schalen"
1743,Thaise currysaus
114,Badolie
730,Hot currypoeder
613,Glutenvrije wraps
837,Kidneybonen (gedroogd)
1652,Spieren
1563,Shampoo voor gekruld haar
1502,Rundvlees  (feestdagen)
1810,Turkse pasta
445,Durum tortillas
674,"Hachee, goulash"
492,Fondue kaas
2017,Witte chocolade met smaak
1540,"Schol, sliptong (vers)"
1037,Luiers maat 2 (3 - 6 kg)
887,Kleurpotloden
2065,Zemen
894,Knoflookpers
874,Kippenhart
2107,Zwemluiers
1602,Snackgroente
1995,Weerstand
1290,Patatkruiden
1270,Panties
491,"Fondant, marsepein"
1241,Opzetborstels elektrische tandenborstel
1405,Pruimen (conserven)
362,Cranberrie compote
1778,Tonijn (diepvries)
1060,Macadamianoten
528,Gatenkaas (stuk)
603,Glutenvrije broodmix
446,Dweilen
1448,"Rijstwijn, pruimenwijn"
432,Droge rosé (per doos)
1958,Volle witte wijn (per doos)
1059,"Maatbekers, mengkommen"
420,Doperwten (vers)
60,Amandeldrink (vers)
1104,Mediterrane rijst
747,Ibuprofen
994,Lampolie
1917,Vitamine B
386,Deostick mannen
989,Lactosevrije vla - portieverpakking
1434,Ravioli (houdbaar)
1159,Mousserende wijn (klein)
1142,Mondspray
685,Halogeenlampen
727,Hooikoorts druppels
134,Basis voor soep (groentesoep)
155,Bierpakketten
1340,Pinotage
925,Kokosdranken
108,Baby shampoo
2038,Worsten (gevogelte)
1924,Vlees (kip)
310,Chocolade (superfoods)
